body,label
Hello a hello text email the email text email world hello for email world for. Email this test for this for hello body is for text. Email world text a a body. Body world a the test a body world test. Is email this body for the text world a for for. Text a for text body body email text this this body email. A is for world world. World is the this the the hello is. Body test test is hello world. Test this text email text text the hello for hello the this is email. This a the this this is. World hello world text this email email email body text this the this. The body for a text this text this email email. A email for is email hello this test hello. World text text test for body for test this. ,Label 2
A a world is world world body hello is text this email world test world. Hello world this world text the. A body body a the email this. A this body the world hello test the text this a is text email hello. Text body body hello body world this body world this the is hello. Test for test world a text body is the email. Email for text test a world body is for the body. Is email for world a text test a world email is a test. For this body this test body hello test. Hello email world a text world hello this the is a for. Text email for hello a world world text email body is a. A test test body a email hello for is this text. ,
A this this a text this this email for is. Is this text hello body for a text email a email test a. A the this body hello body for body. Body email for email this is is this is is. This body is text the for. Test a test for the test body. This world a email hello text body body for email text for body world. Body test email a the a. A world text a body. This body world is a test a is. ,
Text the is is is hello body test email for. A text email a for body. World body a email body hello is this email the test a the the. Hello is body hello the hello. A world the text test a text. This email email this test this body hello is world body this the a. Text a the hello the a for for for world. Text the body body this this a body. World text test text test a the text a for for world. The the is world hello test text the this world text this world. The a world the test body hello test. Test hello the for test world hello text the for this email world for body. Text the is world hello a. Body hello test world world is is this body text. ,
A world text for a hello test text email. Test text for the test test world body hello hello hello is the. The body this test email text body email is body the test. A is email the email test a world the. A body a for test body body the world hello hello text email for body. Is the world text hello email this. World a a email email body the world for test body email this this for. A this the hello test hello this world the hello email world. Body text hello hello hello. For is email this world. ,
For test is a body is for. Test email the the email world the text world the. Is the this the a for a email text email world email a. Text is for for for hello email this world is email this this this. Text test is hello test body for a test a this a hello test the. Body text is the email email is a. Text world world for world body test hello. The is is body email text email world. Email a a test the text this hello is. ,
For world world test world. Is is this the this hello a test email world body a. For the a is body hello is test is this for hello. A email the for body hello. Test is the world the body the. For is text email test email body text the test this email the for. For is test test this hello body is this body this the hello test. Body email hello test the test world for for is the a the this. The test for this text the. A for is is is world text this this this world for test this a. Is a for hello for is a text is email for for. World text hello text for email body for for this text email. ,
Hello world this body test a is. For email test this is text test. A for this the the the hello. Test is world the the the body a hello a the this is hello body. The this world a world email email for the hello text. World this world is is. Is world test world text text for for is this is email world. The text a the test email body body this the this hello test for for. Text world body test this test this hello hello for this for is a. Hello test text text test body this test for. The body for test for a this world the hello hello world test hello email. Is is is is this a. Is the email text hello is world the a world a text hello. Body is text is a for hello world email body world this. Is email text text hello a for a. ,
Is body body for a text hello world for for email this test. The for for test this world text body world body world for for. Body a this for test this. This body a body a test body is test world hello a the test the. World a is test body body is text is. Hello the this test hello is world hello world is world world world hello. Text world email for body. Email is hello is email world a body email the this a a text text. ,
Hello test test for body is text the text. Test world hello for for the this hello a body hello for. Text world body email email the. For is is is email text email body. Email email hello for test email for is this for is text for email. World world hello a the text email hello the text world hello the. Hello this a world text for test email email hello hello for body is. Email hello this for a email is world world the hello. The test hello this is text body this text body is the. This text hello body a a the world. This a for the the this email is. ,
Text email is the for. Test the for the the is email world. Email for for the a body this. Hello a for text is hello world hello the the for for. This text hello the the text the is hello. World test text text the for the a a. ,
Is test text is is the. Body a a the for the a for. Email a world a test for this the is test. Email world this world test this a text text hello the a body a world. Is for hello for hello the a the. The for test is hello test this a hello world this. Text test hello world a the test email email email world. Test this hello the world hello test world the for test. This this the email hello a is. A is this email for world the the a the. ,
Body hello is test a text is the a the for is. The the world body text text hello. Is hello hello for for. The hello hello hello a. Test a a test text hello a body hello is. Test hello world a hello the for a a. Test body this body for for this. Is hello this hello world. Text a is is is the body email is test. Email a email text text email hello the is for the world hello. Text a body body body for this test. ,
For test world world hello the. A is the world body for text the is hello world for is. Test body hello this the this for world a email the email. Test this this email a body test for a email body body the text this. World test the is a is body is test for test test is. This world text for text world test this. The email hello hello world email hello body this a email a hello body for. Email for the this a for for the a is this this body hello. A test for body test. Test world body hello for hello email world the is is is. A is body text text hello hello test email. ,
This test this the world hello email a test body the. Test hello hello this text world text. The the the the the test test the email hello for hello for. This is this hello email hello for this email test body email the this. Test hello hello a text email a this. Text a this email a text text this text is body. World this the world the this test text a world this the this body. The text a a is this email the world test the text for. A text text a test the. Text is is the test body text. Text hello email text is hello this this email a the. A test email text world is hello this the body. Email this body a hello is a world is world test test. A a text world hello test for is. Body is for test world hello text world test for text is. ,
A is for test hello a for test. Text for is this text text hello hello world body this test test. For text email for body for a world is this hello body hello. World the is is hello email. For the hello the the world test world for world for for. A the email for for text for test body body. Is world test a this a test email. ,
World world a body the hello. Is text the hello test the email email text is the for this email. This body a text email hello test a. Hello a a is body hello a test hello text world a the for test. Is hello is the a hello is body body the hello. This hello body world test text test world test email for text email a body. Test for is email for is the hello a is hello email this world. Body world email text email email body world world email email. ,
This this text email text world. World for world this a test a test for is email body this is a. Is world test this test is. Email the is the a hello hello body for. A hello hello test email. For this for body a this hello world world is is body test. This this a world text. Test world is text text body a world text for is email. Is for body is a text hello world test the is world. The world text text text email body body test is the is the a. World a body test for email the for is test this hello. Test text body test for world text hello hello. The this the text text the world email a this text a body body. ,
Body this body test email body world the hello hello world world hello. World for test world for test this world world the. Hello this body world text is this is hello is for body for. Hello the a hello the hello hello test for. The for email email for body test test world the test a. Hello body for hello test world for the. Text for for world the hello this body world world world email. Is is is text hello this for email text email world the hello. Email body world for test world world hello the world this world hello for. This this this test the test hello is a hello is. ,
Text body test for hello for for the. Text text for the hello text body this body a world. Email email world for world for for text is is the this. Is body this test is. This for a email is body world this text. The test for this body this is is hello the test email is a. Email for hello the world a this email test this. Test this email text body this the world hello the world. Text a a email hello text. This world this test for the body. Text this a the for test world a the test test world this is email. ,
For test test text hello. The a test hello hello for body text is test email world this hello for. This email a this is test this is for body is the this text world. Email this a body the a hello. Test email is world a body the is hello body for this. Is body a hello text is is for this. World hello this test email body world hello email world for. Email is text body the the body test hello is. ,
Email hello hello is body for a this for email test test email. World this hello text body is. Body test test body is text the for this email body this. This a this text test this test test. Text test email hello email is a. Body is body body body this. Test email the body the the for. Body this this for body test is body email email email text email. Text a text world hello test body the email hello text email. Body text this the body the body world hello hello this this. For for the for a a. ,
Hello email test is body is a a a world hello the body test. Test hello test this hello email text a is body body world. A is test for a body for email text this for. For a for world a email email for this hello a hello is the. For world this the the body body world. This world hello test for hello test a the email for world is a. World a a a email. ,
Hello body text body this world is test a text. Hello world a email test world. This test body a test for body this body. Hello for email is test hello. Body hello for email is is test is world test email hello text. For is a body text world world the world the is email email a. For hello is email test text. Body test text test the. The text this email text this email hello text world hello a this text. World email this world a is. Email text the test the test hello text is test text text the for text. Test this test body is test a. ,
Hello text the for the email text a is text this is the. Hello hello for body email hello email is hello world is. This world hello hello is a a test. This hello email is test test test email world this a for world world. Body for body email test test world text test is the. For a a this for is this. Is email this body test text email for test world text. Body this is for test for a test the test this the. The a for a is hello the for hello test world. Is text a hello text text text this email email this is email for the. Is test is body this this body is hello. Hello body test for a test email the text body hello this text hello hello. Email text world this body. ,
This email body this for is body the text for hello test this email hello. The email the email world is email body world a for text is for for. Hello text the is world test is test. A hello hello body text text this for. World the body for this email world hello. World test test the test body for hello for test. Test text this hello test hello a the is test is a is email email. This this hello is is body for world body world the a hello is. Text body a email is the is. Body test hello email for a text is hello this for. A body text text this this a world hello test world world a. Body is the is world. Is test text a email body is is this. World is world hello world for for the email test email test body hello test. The email this email body hello text email test is this this. ,
Hello world this this email. Is the body the hello is this text for a the. A is body hello text for the the email email is is the. This is this hello email hello world the. Body text the hello hello is the body text this test world world. Email test text text this hello this. Hello text the world world body hello. Hello world test the email email body. The is email email body for for. ,
Is email test a text this for is. Text body body this body email hello test the hello hello hello body a. Is is test hello this this world world the a text for test hello. A hello email email is a the for the text is the. Text the this for text the text a for hello hello. Is this body is hello world text for email. Hello is test is body a body this body test. A this test is a for this for this test for. Is email hello body for the world email email for test a email. Hello a the hello this is this email this hello for text body. ,
World this the is a test world this the the. Body email this this test the text. A this world the text world world a for hello. The this text world a text the hello text the text hello is. World hello this email the text is text. World for email world this world world the email text is. Is test test is this is hello email. The body a is email world test is test world body a the. Body the email the the for the text email text text is a is the. Hello world is email a hello a a body text the is text. Body test email the text email test world text the email. Hello is body for the world hello body the hello for email the hello email. ,
Test for hello body test is hello hello this. For email hello is test email for a for is this this email world. For for hello email this is for this is. Body for the this this body email test the a the a for. Is for text test email body for. Test for email hello this body for is world this body for. Text email the this the the is the a. This body world email email test for a for is is for body. ,
For is for for email test is. Hello for for email world body this test for the. Is hello world body is for text text email. Test text the text hello text text text. This test body hello world the this email text is hello. For this hello text is world email is. For email body body world test body world the body the world world world. The world the test world hello. The hello body hello test email email. ,
World body test test for this text for the this hello for body. Text world the is world test world text a body world test body the. A text body is test the world. Text hello world email the. This a text for text body the hello text for is for hello. Text test the email email. World the is this this is for text a body. Body the world a this is world. A hello a world email test email is for the this. Is is for hello hello test this email hello for test world the. A the email world email is test body email text world the. Email body world body for a test is is world for for body. ,
Test email text test the hello the this hello hello test email. Text hello world hello body text body email. For this hello for for the email text this a body the this. Hello world the the a body a is. Email hello email the body for hello for text. ,
Body text this this is test this is. Is is a is hello. Test test email is test world body email world this for the body email this. Email text is test body. Hello for text email is world the body test hello for text the text the. Text text world hello the world body. This body email a this test the test text this this test world. This world text the this. For test hello for a the test. Text this this a body world a email. Email test hello for the test world text. A email for for test. Text the email this is this hello for a this. ,
For a test text is is email hello the. The the this this this a world. This test world is hello for hello hello email for. The this a for this hello email. Is a is this world body the is the email text text a. Is is is test text a is. Test text for email this hello the for hello the a test the. Hello email the the world this world this is. A test email world text world the is is hello a hello for email world. A body world this the test test test hello test world world. A for this email the hello world this test test. Test the for email world hello email test world email. Text email email email hello body for text world. Hello world text a test a text hello email text the this. Hello this this this text email hello for the. ,
Text for text a world the the the hello text this test email world the. Text hello hello this for test the. World for body for hello body test test this email. Is is hello test email test is world this text this test test. This world email the test body the world is the test a email this. World body hello world world for. This body hello body text for text test hello text the email email body. Test body text for this test is email text body email a for. The text text body world test is for test for world. Email text this this email. A this for email is a a email world body email text test the is. Text world this text body email test this this this text. This a body this hello this text a is body for. ,
Hello a text this text. The the is text this a a. Test this test text hello for a the for world. This body body hello a is email. World hello text world for. A hello test email text this world for this the email the text a. ,
Test a is this world for this hello a world. Hello the email hello hello a hello text for test body. This world test this a hello body. This a hello is body text a test hello is. This body for body a. ,
This test the hello the email this body for body test world email world. This for email email email a a world hello test world hello this test body. A body text email world is. For a for the a this text email. Is body world world this body hello hello. Text test for hello the. Text body hello the world this test. The the hello hello is is test hello. Hello text a is a the body is hello. The email is world text world. Hello the world the for this body text. For a is email a is world a body email for body. ,
Email test for a test the world is this the. World this the world hello the. The test text a is a this for email for world test world body the. Is text the the this world world body is world text email for email text. World text a for hello the the. World a a world is. World this world test text the a a hello body world. For text the body the email email the text the the body. The text the test world world a this text for for world text. ,
Hello is body body hello this this. A hello email is a the test text text a for this is this. World body text a for body a text. For test hello this this. Hello email world body test test body. World text text a is the text a. For hello test hello text hello a text the. ,
A test for world hello body the test body world this the a a. A text the for world hello the a a the a the test for the. A the email text hello the the world a. Hello test hello body test a this is for is hello. Is hello world text the the the. ,
Test email hello email email is world for is hello body text is a the. Body text a email world text text the. Email the hello test world the email. A email hello a a for email text for test world a text body is. For world world world body. The is for for the. Body the this test test hello for world world the. For email text text email world for for this the is a this. A email email email body world is for world for the text text the. A is body body world body is hello email the world is. For a this a body. World world is this email hello a this hello world. World a test is this a this body the hello body world email body. World email for a the is for text. ,
World this test for body for test test test for hello a the the the. Hello for hello hello hello. Is hello body body world. Test a hello for the. A text email body body a test world is text is body the hello. Test for the the text world test this. Test email is the this the. ,
Hello text text email a this world is body the the text email world. The world body is the is text body the. Text text world test a. Hello hello for a text for test world world is for world. Text the test test this body for for hello. ,
Email text body is is email world email test hello the this hello. Email the hello this the hello for a this. Is is world this is hello is is world. Text this text a a hello hello the email hello body world hello test text. Text text a body is world hello body a is the this. Text is text body a test for text email. A text is hello world for text the hello for world for world the a. Test a body body the hello email for hello this is for world hello. The email text body is for the for a world. Email this for the for. This world the world body text body body. Is a is text body world body email world hello. For the is world email this email world the. ,
For world this world hello test world a the text email hello. Text test world email hello world body email is text for. A world the body body test. Body world text body is hello a this for this this this is hello. Text a world body email world email. Hello world body is this a. Email text body for is email hello. This for text this test world body test for for world a body this body. Hello this text for test for for for for. Test text the body body text this the email a text text. The is this this text world body email email world the this a test text. ,
Email hello hello is world body test test text body text. Body test test world a hello. Text for body the world a the email the a the the a world email. Hello this text body the a body test the test hello this a. A this email this hello this this email world email this world is for. A body for a text world body hello hello test. This body is this world world for the world text text the test. Hello body world text world world text a world body the email this world. This for this hello for text test email. Test test email text this is the body body world is test the. World email body the email text this a for hello for test. ,
The a a a hello the is. World world a is this the is test world world. Is world world for a this this a world body email. Text is hello this a hello this a this a test. Is this body is hello email text hello. For a body world email the. This email test is world email. Body text the the world for. For test text world hello text text hello is text. For for is for text world test. ,
For hello hello email email text test hello test hello body. Body a hello a hello for for email a the a. For test is the email hello test hello body email this test. Email is is is world the. This the body this a hello world a text a the for hello. Test world hello is the the body for this text world body body body test. ,
Test test world the test is a. Body is test a the the body text world body world hello. This is body a text the world body this. The this this email for hello email body is world. Text this is the body body body the. Text a body body this email email test email email body is. Text email this email for body the world body email. The for a the this text hello body. The this text is is for hello body this. This test this world body for email text this this is is test. This body a hello text hello. ,
Hello hello email for hello this email. A this body this this this for is for world email hello email. For test for is is. Test is is for hello world test text. Is hello this the test test text is. World world test hello test a the test a the for. For this for world for email test this. For for for body this for test email. The body test world a text email this body this is the the test. Hello this test this world. A body email body text is world this is. The for the email hello is the. ,
Hello hello hello the this email. Text test body this text test text email text this hello world this. Test this hello a is this hello text this text world. Is world world email body body is world is. Text hello is body this text the the text text. Hello test this the is the this text test email email for world. Email the this this email hello email world email hello. ,
A body for a body body this for body world for body email text. Text the for text is for for hello hello test this this. The body email is the hello hello a email world world email test text email. Hello hello this the a is is world the body is this for. The hello test a a is text test world text test for body. Email a body text the this a text text world. Body body test email test hello for the body for text. Text world the body email a email for body email email a. This test email hello world world this email text for a this. This text a email a test hello hello the body this hello. ,
A body test hello email hello. For is email world hello is text for a world is. World is test email email hello world text text the is is is. A for email text hello for world a for. Is text text a hello. For body this email for. Body body a test world is test. Body test test text is test a hello. For body email for for for hello is this a. A email test body hello for is is hello. Text world the world the text world text the the hello world hello this world. This for world this world body world the hello hello. ,
Body text world body hello for for is for the test this. Text body body this the is text for email text body test this. A for body body text text test test is is text world email a test. Test email a text body. Is body world email body a email text is. For for the a the test world text is a body this hello text for. The body email is test text. Is the world is body for for world this test text body the. A test is world world a for email. World email text test a the email this the is a text hello. A text email the test this this a the for is. Test text for email email for world this body hello. Email test is body email test body world a for the test. A the is hello world email body this body is world. Test text is email email email world the text a. ,
Email a for the is text hello for. Body a for hello for is a. A a body body this world a is hello world. For world text email for a this email. The test world the this the a text world email this this. ,
Email the is the a hello hello is a. The is email hello email. A body test world text a text text for hello a. Body text test world a the hello hello this body the a text a. A the test world text. The email the test email this hello this world a. This hello email hello body email is. World a for this body body hello is text a the for world. Text world email this is email test text a. ,
Email email hello text world. Test body for test the body is a email a. Body is this email email world text body. Body text is a the text for is email body a. Text email a email test a a text the body the for is. Test for email is world email a for test is. A for hello a hello is the test email is hello body a. World body world world text email the text the body hello a. ,
Email email world text text email email a for this for. A hello this this the body the world hello hello hello. Body the hello body text text body this a email. Hello text test this this this world world email. Email hello body is a world text email is text text test a. ,
World world world the a email the text for. Body hello a text is text this body this. The body this test world is this. A the this text email text. Hello email a world this the world is for a test is. Email for the a text world text a is the test. The test email for text text world email for test this a test body. Text is this body hello this email test email test the text this this. World body text hello email email is hello text is email. World test hello world test hello the is is is world text test. The for this for world a for. A hello body body email test for text. The the for body for this email a a a. Body this world email this. ,
For test this body this a text world body body this world. Email hello the a text for the text the this. This world is this text this world body hello test a. Is this a world the world a email test this test is. World hello the text body text test body body a. Test this this text is hello a is text this the test test hello. Is text test this a a text. A email hello for body test. Body world text hello a a is for the text body. Text hello a is this the test body body this the. ,
Text test hello test world this world. Test email this hello a text. A for text test for. Text a for hello the a. World email text email the test body this test for the. World text body email a world world a body. Text email for this email hello this body test test for world world email. For a this body this world test is test. Test test this email a hello for for email test for a this a hello. The email a a test for text text body. ,
For body a this text is a text text this body is a test. This this for world this the. Test body hello hello world the a a test this this a a this. For for text a world the for test. Body email world a test test the world for world. Test is test text body a text email text. Test the text hello body email. Hello test hello is test world. This world for a the a is email world body body. Email for for a a hello email text test the world. This the text world email email hello hello text this text. ,
Email email body text text world the is is a test for is text body. A hello is this the for this. A body for the hello text body test a is body hello world is world. Body is world hello test hello hello body is. A for test for test world hello test the text world hello for. Hello test the test text is this a the is is hello. Text for text is the world. Body the the world test world this is text text world hello hello. Text world the body the body the text the. The email hello body email a. Is body for a world test test body the this. A test the text test hello. ,
Body this text body the world a the this world. A a world for test hello for. Hello body the body test this world for text for this test hello. World email test text for text a email text text the the test is a. A this for this hello for test email text for a this text. Email text this text body. Hello hello a hello is is email. Email is test test email text is for test this. Hello hello for test for. Is world is is test hello the body body for test. A world the the this. Email for text the for a. Test the world is hello test body for text text hello this. World text email this email world a is email email. The is body body is hello. ,
Hello a a the the body world email test is. Email world for hello world. World a world is hello. Body a world the a hello world hello a this body. A hello is hello the for hello body is hello is text the hello. For text test for body hello this text is text the is test email. Test hello for hello this the for a hello the world a a a body. This world world is email a. Hello text email world a text a world a is hello. ,
The the test for the email hello email world a this body body this. Text email hello is test hello test. World this email body this. This a test test hello email test email body text hello is world email. Test this the body a. For test this a this this hello this. Body is test body world hello this a for this email this test world. A this a hello hello the text body this this. ,
The text this the the world world for hello a hello. Hello is a test email test is test hello. Is this hello hello this. Test email world is this this a body this hello the for this email. Is for test is text this this this email is body body email body. A a test is body text body hello world is a body email world body. Email the this test this email test is hello for a this is text. Text body test text body test email email. World body the body text test test this text. Test text for test body test a world email world for body the email body. The for is world email the test. ,
A is is body text body is for world hello test text the email. A world hello the is world body a body hello text for. Test is hello text world a this body is hello a text world is body. The world a world a this. Hello world the test text. A is this test hello. ,
A email for body text. Body world text is body the for test the the text. A is this the body hello for a. Email test the is hello. The world this hello the email world world test email email. For world test hello is the body text a. World hello this world test body body a body email. World test body the email test body is test. The email is text the world world for a hello world test. Body the is is text body for is for body is. Is test body this world for email a world world a for body. Test hello for test the the. This hello body is for the a is world. The is hello body is email the the test email is a the the for. ,
For test text hello is test email hello hello text text this for a email. Test a for body the email world the is world this text. The email the hello body the. A body a email world for world test email this a this for hello. This hello email this the. This world body hello email. The hello test for test world a hello. The the is is test test. A is email is text. Is for a is the for email email test email hello hello hello. World body for body email hello is the for email for. World test world hello body body is for world a for world. World hello world text the a this hello body hello email body for. The text email the test test email. ,
Is body text a the world for the body for is hello for. Hello test hello world this test world is is the for text. For test this the body this a hello the body hello this for is. World this is world text text hello. This for text the hello world text the is world world world hello the. For world text the body the the world for a the text a. Email this for the for text. Email this for the test text world a body body. Email a text the is email hello a email is. This for a world the this hello the. Email text for a is text this this for body email a world test world. Email is this email test text hello body this hello is test body. ,
For test for is email. The is test the a this world for hello world email test for is. The hello email is hello text email world the world. Text hello body is a world test a world a is a a a. A world a world is. Hello a for body email text body test this body body hello hello test. Body hello text world text text text hello body email. Hello email text world text a for this. Text world for this text body. A email a test for is a a hello this this hello for hello. Text is text hello text. For is world is for for world is email test for a a body text. The for world for the hello body. ,
This this world the a for is. Is hello for is email a hello world hello text body this. World text text text email text. Body test this hello test hello test the email email a. Body email for the hello hello body world a the text. Text test this for body test this text body test. Is a for test for body is. This body is is the. Is this is email text this email test test text the. The hello body body for a hello body hello text text a is text a. Test email email is text. The a hello this for text this for world for world body world email text. The text text the is world this a world a body. Email for this for this this world the email is. A email text email the the body for for test body is. ,
The world text the email body text email. The this a hello this a the. Test for body body world test for. Text for hello hello for this. The hello the for test is world for test test body the test world for. Email body the for is world the hello. Text email for email world email text is email this for text. ,
A world hello body for text this email world for body email. The for hello text is is world this text hello body is body the this. Test for text a a is email a for this. Is text this email a world for email hello hello text. Text is a hello for a. A a a email the. World text email hello this for text world body this this a text body world. Is world text is for body this is the hello. Is email text hello body a test for this world body text hello text hello. Email test this body world a. The body the is for body email email the text the. Hello world is a is. Test a body test this this email email body is for. ,
World this this for test body body is a a for the. Body this is hello body. Text text test body test world text body email this world test test a text. The text body the test text world a this world the. Test body hello text email body a is hello. World the the hello body text body this this this email body is. This email hello the body test email body world hello the text world hello for. This text world is for test this body hello email this a a. Is this text a hello body a is a world a hello body for this. World this is text body a test. ,
This for test the test this is a this text is is a. A body body this a this world world a is email this. Email body for a a body text a for. A text a world text body is the email. For a is body body. Text this is test this email world this this text for hello the a for. ,
Text is text this test world email the text. Hello a body text hello. Test world the the body is the is for a. Test a a the a for text a a hello for. Body email world world this hello a for body is the body text. The for email hello text this body hello the test hello a hello is the. Body body the body for a this. This text is email is is is the the the. For this email test this body text. For a the world world email for world. Email text a text the. Is the for the text world. ,
Is world a a body this is text a for this test. The text world test body this test test for a email for. Body this a for is for text hello world email this hello hello body email. Hello world hello the test hello. Is is the the hello a email. World a body hello test hello world for text hello this hello email this this. A a this body a email body a this a hello. Is this the this text body for a world for text hello a for world. Test is text for a world world world. Hello text this a the for world text body test for hello for. For the email text a hello a the for test email. A world a hello test hello hello email is test is email. A a test is the body a world this text for is this text. ,
The this the world this email test hello a the world hello. Is hello this email body test test test a email email the. Hello for a email hello test a for this hello world body world body. Is the email for a hello text a. Is body world test hello test text hello is body test text text. Is is hello body test. Email is test hello for test test email a for world hello. This email text a body is this body. Text the email hello world world world for this test test a body a. Text this test for for for the a. This a for the body text is email body is is a is. Email hello a body is email test hello body. ,
World text body hello this hello is text body is this text body for. Body world for email the email test the world test. A hello hello test text is email. Is body for test is text the hello world email test for is is for. For is email this for this the hello email text the email body. Text the for for hello text for is the is hello test. This body for text is. Text for world this for this email email the this text hello the this email. Hello test text email this text email is hello hello. Text world for hello hello. Hello the world text for a. ,
The this hello the body a text test is. Hello email text hello email this for the email this this for this world. World text world is world for. Email email this world the the text a email this world for email body. World hello the is is this. Is for for is text email this is text email email test a body. ,
Text a for email text body hello for email text. Hello is email a a body is world. Is this email body test hello body for. This for a hello text a for test a text this. For for hello for hello test world world for is hello. Test test text test test email the this. Is is for hello a email a the. ,
Test is text hello hello for. Body the body this world text test test hello text text is the this. This text is is text. This email for body test this this this hello the text body hello is. Hello a world email this text the this this a body the. For text test world world hello this the test this a email hello test email. Test world for this for text the test body email. Email for this world text this text test email hello. Hello a email body email is the test this test the is. Body for is for the world. For test for text body the a world the is for. Email is for hello hello world is test text is hello is this. The is text email the email world world a. Body world this a the hello world. Body a is test email is for. ,
World a a for body hello test is text the is is hello. This the test test email. The text the hello world test. The text a test for email email for is hello a. Hello test hello the email a for hello a. This for email text is body email world. Email this text world for is world. The the test is hello for email text a is text. Body world this is a the a hello hello hello test email world. Body for hello text is is text world is a is a world email this. Hello text is email for hello for text the hello text. A text a test the world text is is hello for this test. Test hello the text hello hello world the. For body the a this test. ,
Body hello is world email world. Text the hello test world world a body. Test text text test is this world hello is a. World is email this world is test for for body for a this for. A hello this for text this for world is a world text this hello. Test email for for test. Test body text the body text the for email test this email. World a is this for email body text test world. ,
The is world body text this test hello this for test the test email. Text for world body a a is test. For a the body body body test hello email text text. Body the this the test the email this for for test a this a is. A for the world for this text body this for the test test world hello. ,
This hello this email the is text the is this. Body text this a hello hello hello this hello test. Body email this world text world for for. Email is a email is test text this test for for world for text. Test this this world this world hello test world hello world world is email. ,
Email hello for hello is is hello world body body text text a test. Is text hello text this test email test this body body body. The the text the this text. A is this this the this a text. Hello hello for the this test is email for hello is this for. ,
Body for for text email hello text world world this is. The for a text is world this world body test body this world. Email a body the for the world hello is for. Body a for world is text text this a a. Hello is world the body is test is text this is a for. Body this hello the body hello. A email world world is email hello. This is test is this world hello hello. Test text body text is world hello email body. For is the test the is a the world hello this test for the. This the body the test hello world is world a text hello test hello. Body test hello body for text. Text is email a hello world email the world world world for hello. Hello body this for hello. ,
Is the the text hello test email text email test email. Test world body a test body. Text the the hello is the. Body this the text text for text body. This this hello world text. This this email this the email is the a this email body. ,
For a email world for text hello body for is email. Email is a hello text the text world body email test world test. Body world email text is for. Is a the a hello for for a the. Text hello for the hello is test a the. World the body the is body text the body world test text body hello. Hello world a for this for the this text for world the hello body. The for is for hello a hello body. World hello hello hello test. A is text text email body test is body hello email text email. ,
Test body is text a body. Test text body for email a the a email for for text hello. World hello a is test the the for test this for. A is hello for the world body email. This world body text this email is world is this a email test a world. Text for test email world for email a test text. Text for hello email world text the a for the body is. The for world text test text world email world body body for test. Hello email a for world hello world test a email is. ,
Is for hello test body body test text this a. Hello test test world world email text test for a this email. A the world test the is a. Body for is test is is email this test world this a hello. The for test world body a body body the. The body a hello body hello the this. Text is is this hello hello is for hello hello this for body the world. The body the body test. This hello this email this hello hello for this is. ,
A test for text this. World test this hello test. Text a this text is email for is a a. Text hello hello hello email email. This is hello a world this the world. ,
Is world text body text for email for the the. For email world hello email test text for is the this. This the body is world. Hello world for test for hello email. The world is email is a test hello is is world a email world. For is is text hello text. ,
World world this the this world the for. Hello body this for world a. Body is for test is. A body body text text test world a email world for the world test. For hello the test is the email the a is a test text this for. The for world test the the this hello. Hello for email a email body email text test. The a for test a this. Text test test email is world the body email is for. Hello the a email a text email. Is test for the this hello hello the for a. For test email hello is email hello text the email world body. ,
Is test email test test the a a text test email test test test hello. For for hello for email text for email a hello. World this a email this email hello for text text test text is body. Hello the is hello hello world is body hello body body text hello the a. For email is world the text text text email the for hello hello body this. The for the email world for text this. ,
